Gene ID	EC#	dbCAN_hmm	dbCAN_sub	DIAMOND	#ofTools	Recommend Results	Substrate
TRINITY_DN101043_c0_g1_i29.p1	-	-	-	GT20	1	-	-
TRINITY_DN10180_c1_g2_i9.p1	-	-	-	GT98	1	-	-
TRINITY_DN10230_c0_g1_i7.p1	-	-	-	GH38	1	-	-
TRINITY_DN10280_c0_g1_i5.p1	-	-	-	GT2	1	-	-
TRINITY_DN10289_c0_g2_i9.p1	-	-	-	AA1_1+AA1_1	1	-	-
TRINITY_DN10336_c0_g1_i6.p1	-	-	-	GH85	1	-	-
TRINITY_DN104462_c1_g2_i3.p1	-	-	-	GT58	1	-	-
TRINITY_DN105_c4_g1_i11.p1	-	-	-	GT2	1	-	-
TRINITY_DN106049_c0_g1_i11.p1	-	-	-	GT1	1	-	-
TRINITY_DN1060_c5_g1_i3.p1	-	-	-	GH31_20	1	-	-
TRINITY_DN106561_c0_g1_i6.p1	-	-	-	GT4	1	-	-
TRINITY_DN10677_c0_g1_i11.p1	-	-	-	AAF56975.1+GH47	1	-	-
TRINITY_DN106982_c0_g1_i5.p1	-	-	-	CBM50	1	-	-
TRINITY_DN1085_c0_g1_i7.p1	-	-	-	GT59	1	-	-
TRINITY_DN108694_c0_g1_i11.p1	-	-	CBM14_e87(41-99)	-	1	-	chitin
TRINITY_DN108994_c0_g1_i3.p1	-	-	-	GT2	1	-	-
TRINITY_DN10939_c0_g1_i5.p1	-	-	-	GH5	1	-	-
TRINITY_DN10981_c0_g1_i14.p1	-	-	-	GT57	1	-	-
TRINITY_DN112214_c0_g1_i10.p1	-	-	-	GT0	1	-	-
TRINITY_DN112376_c0_g1_i5.p1	-	-	-	GH47	1	-	-
TRINITY_DN11271_c0_g1_i12.p1	-	-	-	GT4	1	-	-
TRINITY_DN114310_c0_g1_i8.p1	-	GH18(19-409)	GH18_e87(20-409)	AAU95190.1+GH18	3	GH18_e87	-
TRINITY_DN1149_c0_g1_i23.p1	-	-	-	GH31_1+GH31_1	1	-	-
TRINITY_DN1149_c0_g1_i5.p1	-	-	-	GH31_1+GH31_1	1	-	-
TRINITY_DN1150_c0_g1_i24.p1	-	-	-	AA3_2+AA3_2	1	-	-
TRINITY_DN1150_c0_g1_i5.p1	-	-	-	AA3_2+AA3_2	1	-	-
TRINITY_DN115345_c0_g1_i1.p1	-	-	-	GT20	1	-	-
TRINITY_DN11836_c0_g1_i24.p1	-	-	-	GT2	1	-	-
TRINITY_DN118635_c4_g1_i11.p1	-	-	-	GH16_2+GH16_2	1	-	-
TRINITY_DN11901_c3_g1_i3.p1	2.4.1.80:3	GT21(51-280)	GT21_e18(51-280)	GT21	3	GT21_e18	-
TRINITY_DN11910_c0_g1_i3.p1	-	-	-	GH45_1+GH45_1	1	-	-
TRINITY_DN119138_c0_g1_i1.p1	-	-	-	CBM50	1	-	-
TRINITY_DN11956_c0_g1_i15.p1	2.4.1.186:39	GT8(5-222)	GT8_e26(5-221)	GT8	3	GT8_e26	-
TRINITY_DN11956_c0_g1_i3.p1	2.4.1.186:39	GT8(5-222)	GT8_e26(5-221)	GT8	3	GT8_e26	-
TRINITY_DN11963_c0_g2_i2.p1	-	-	-	GT8	1	-	-
TRINITY_DN119857_c1_g1_i8.p1	-	-	-	GH152	1	-	-
TRINITY_DN122441_c0_g1_i2.p1	2.4.1.101:54	GT13(77-446)	GT13_e1(55-446)	GT13	3	GT13_e1	-
TRINITY_DN122614_c0_g1_i1.p1	-	-	-	GH71	1	-	-
TRINITY_DN1229_c0_g1_i2.p1	-	AA3_2(41-601)	AA3_e0(42-601)	AA3_2	3	AA3_2	-
TRINITY_DN12317_c0_g2_i1.p1	-	-	-	GT1	1	-	-
TRINITY_DN124326_c0_g3_i1.p1	-	-	-	GT1	1	-	-
TRINITY_DN124326_c0_g5_i1.p1	-	-	-	GT1	1	-	-
TRINITY_DN124326_c0_g6_i1.p1	-	-	-	GT1	1	-	-
TRINITY_DN12582_c0_g1_i2.p1	-	AA3_2(95-646)	AA3_e35(94-644)	AA3_2	3	AA3_2	-
TRINITY_DN126771_c0_g1_i10.p1	-	-	-	GH47	1	-	-
TRINITY_DN12920_c0_g1_i8.p2	-	CBM14(85-131)	CBM14_e151(85-131)	-	2	CBM14_e151	chitin
TRINITY_DN12920_c0_g3_i4.p1	-|-	GH18(93-439)+GH18(527-867)	GH18_e546(93-440)+GH18_e546(527-868)	CBM14+GH18	3	GH18_e546|GH18_e546	-
TRINITY_DN12932_c0_g1_i2.p1	-	-	-	GH6	1	-	-
TRINITY_DN1294_c1_g1_i1.p1	-	-	-	GT0	1	-	-
TRINITY_DN1294_c1_g1_i2.p1	-	-	-	GT0	1	-	-
TRINITY_DN129647_c0_g1_i6.p1	3.2.1.22:11;3.2.1.49:21	GH27(132-382)	GH27_e34(133-381)	GH27	3	GH27_e34	alpha-galactan;host glycan
TRINITY_DN13187_c0_g1_i1.p1	-	-	-	PL38	1	-	-
TRINITY_DN13228_c0_g1_i2.p1	-	GT31(152-338)	GT31_e99(152-338)	GT31	3	GT31_e99	-
TRINITY_DN13232_c0_g1_i2.p1	-	-	-	GT57	1	-	-
TRINITY_DN132364_c0_g1_i4.p1	-	GH18(59-402)	GH18_e264(60-401)	GH18	3	GH18_e264	-
TRINITY_DN13288_c1_g1_i5.p1	-	GH22(36-159)	GH22_e28(36-159)	-	2	GH22_e28	peptidoglycan
TRINITY_DN13325_c0_g1_i2.p1	-	-	-	GT0	1	-	-
TRINITY_DN135544_c1_g1_i1.p1	-	-	-	GT1	1	-	-
TRINITY_DN1359_c0_g1_i3.p1	-	-	-	PL1_4+PL1_4	1	-	-
TRINITY_DN1359_c0_g1_i8.p1	-	-	-	PL1_4+PL1_4	1	-	-
TRINITY_DN136_c10_g1_i2.p1	-	-	-	GT25	1	-	-
TRINITY_DN137591_c0_g1_i3.p1	-	GH18(45-432)	GH18_e87(46-432)	AAU95190.1+GH18	3	GH18_e87	-
TRINITY_DN13770_c0_g1_i18.p1	-	-	-	GH18	1	-	-
TRINITY_DN1394_c6_g1_i5.p1	-	-	-	GH152	1	-	-
TRINITY_DN13962_c0_g1_i1.p1	-	AA3_2(70-640)	AA3_e0(71-638)	AA3_2	3	AA3_2	-
TRINITY_DN1397_c0_g1_i5.p1	-	-	-	GT2	1	-	-
TRINITY_DN1401_c0_g1_i4.p1	-	-	-	GH43_14+CBM91+GH43_14	1	-	-
TRINITY_DN14041_c0_g2_i2.p1	-	-	-	GH47	1	-	-
TRINITY_DN14080_c0_g1_i1.p1	-	GH179(31-251)	-	-	1	-	-
TRINITY_DN14080_c0_g1_i4.p1	-	GH188(4-151)	-	-	1	-	-
TRINITY_DN141591_c0_g1_i1.p1	-	-	-	GH13	1	-	-
TRINITY_DN141619_c0_g1_i11.p1	-	CBM47(97-223)	CBM47_e24(97-223)	CBM47	3	CBM47_e24	host glycan
TRINITY_DN14206_c0_g1_i1.p1	-	GH179(30-253)	-	-	1	-	-
TRINITY_DN143890_c0_g1_i2.p1	-	-	-	CBM50	1	-	-
TRINITY_DN148309_c0_g1_i7.p1	2.4.1.135:10	GT43(84-280)	GT43_e9(84-280)	GT43	3	GT43_e9	-
TRINITY_DN149244_c0_g1_i2.p1	-	-	-	GT1	1	-	-
TRINITY_DN15012_c0_g2_i3.p1	-	-	-	GH45_1+GH45_1	1	-	-
TRINITY_DN15046_c0_g1_i1.p1	-	GT1(254-432)	GT1_e497(109-440)	GT1	3	GT1_e497	-
TRINITY_DN15065_c0_g1_i3.p1	-	GT1(117-441)	GT1_e497(107-439)	GT1	3	GT1_e497	-
TRINITY_DN150_c0_g1_i3.p1	-	-	-	GT3	1	-	-
TRINITY_DN150_c0_g1_i8.p1	-	-	-	GT3	1	-	-
TRINITY_DN150_c0_g2_i1.p1	-	-	-	GT3	1	-	-
TRINITY_DN15231_c0_g1_i3.p1	3.2.1.24:4;3.2.1.113:2	GH38(48-361)	GH38_e63(48-361)	GH38	3	GH38_e63	host glycan
TRINITY_DN15302_c1_g1_i4.p1	-	-	-	GH16_20	1	-	-
TRINITY_DN15523_c0_g1_i1.p1	-	GT31(63-253)	GT31_e25(64-249)	-	2	GT31_e25	-
TRINITY_DN15650_c0_g2_i4.p1	-	-	-	GH45_1+GH45_1	1	-	-
TRINITY_DN15825_c0_g1_i6.p1	-	-	-	GT1	1	-	-
TRINITY_DN15891_c0_g1_i3.p1	3.2.1.52:16	GH20(210-569)	GH20_e57(210-569)	GH20	3	GH20_e57	host glycan
TRINITY_DN160395_c0_g1_i2.p1	-	-	-	GH85	1	-	-
TRINITY_DN16202_c3_g1_i1.p1	-	GT2(185-375)	GT2(185-385)	GT2	3	GT2	-
TRINITY_DN162560_c0_g1_i19.p1	-	-	-	GT50	1	-	-
TRINITY_DN16267_c0_g1_i2.p1	-|2.4.1.18:112	GH13_8(215-538)	CBM48_e145(65-163)+GH13_e277(216-538)	CBM48+GH13_8	3	CBM48_e145|GH13_8	alpha-glucan
TRINITY_DN16267_c0_g1_i8.p1	-|2.4.1.18:112	GH13_8(215-538)	CBM48_e145(65-163)+GH13_e277(216-538)	CBM48+GH13_8	3	CBM48_e145|GH13_8	alpha-glucan
TRINITY_DN163312_c0_g1_i12.p1	3.2.1.199:4	GH188(4-205)	GH188_e0(4-210)	-	2	GH188_e0	glycolipid
TRINITY_DN16403_c0_g1_i6.p1	-	-	-	GT39	1	-	-
TRINITY_DN16409_c0_g1_i3.p1	-	-	-	GH95	1	-	-
TRINITY_DN164365_c0_g1_i4.p1	2.4.2.-:4	GT110(139-315)	GT110_e0(139-315)	GT110	3	GT110_e0	-
TRINITY_DN16446_c3_g1_i2.p1	-	-	-	GH28	1	-	-
TRINITY_DN165770_c1_g1_i7.p1	-	-	-	GH12	1	-	-
TRINITY_DN166108_c1_g2_i7.p1	-	-	-	GT22	1	-	-
TRINITY_DN166508_c0_g1_i13.p1	-	-	CBM14_e73(117-169)	-	1	-	chitin
TRINITY_DN16782_c0_g2_i1.p1	-	-	-	GH5_5+CBM1+GH5_5	1	-	-
TRINITY_DN16953_c0_g1_i2.p1	3.2.1.52:5	GH20(209-552)	GH20_e35(211-552)	GH20	3	GH20_e35	host glycan
TRINITY_DN16955_c0_g1_i1.p1	3.2.1.20:25;3.2.1.84:25	GH31_1(335-785)	GH31_e39(335-785)	GH31_1	3	GH31_1	alpha-glucan
TRINITY_DN16967_c0_g3_i2.p1	-|-|-	-	CBM14_e79(40-90)+CBM14_e79(110-156)+CBM14_e79(167-213)	CBM14	2	CBM14_e79|CBM14_e79|CBM14_e79	chitin
TRINITY_DN17022_c0_g1_i2.p1	-	-	-	GH3	1	-	-
TRINITY_DN170_c2_g1_i6.p1	-	-	-	GH31_20	1	-	-
TRINITY_DN17146_c0_g1_i3.p1	-	-	-	GT33	1	-	-
TRINITY_DN171656_c0_g1_i1.p1	-	-	-	GT35	1	-	-
TRINITY_DN171_c1_g1_i5.p1	-	-	-	GH18+CBM5+CBM5	1	-	-
TRINITY_DN1720_c0_g1_i1.p1	-	-	-	GH114	1	-	-
TRINITY_DN1720_c0_g1_i6.p1	-	-	-	GH114	1	-	-
TRINITY_DN172470_c0_g1_i6.p1	-	-	-	AA2	1	-	-
TRINITY_DN17367_c0_g1_i2.p1	-	-	-	CBM43	1	-	-
TRINITY_DN1744_c0_g1_i3.p1	-	-	-	GH31_1	1	-	-
TRINITY_DN174895_c0_g2_i2.p1	-	-	-	GH32	1	-	-
TRINITY_DN175509_c2_g3_i1.p1	-	-	-	GH9	1	-	-
TRINITY_DN176_c3_g1_i12.p1	-	-	-	GH0	1	-	-
TRINITY_DN17888_c0_g1_i1.p1	-	-	-	GH13	1	-	-
TRINITY_DN179007_c0_g1_i6.p1	-	-	-	GT15	1	-	-
TRINITY_DN17981_c0_g1_i8.p1	-	-	-	CBM13+GT27	1	-	-
TRINITY_DN18045_c0_g1_i1.p1	-	-	-	GH13	1	-	-
TRINITY_DN1805_c3_g1_i1.p1	-	-	-	GT8	1	-	-
TRINITY_DN181809_c0_g1_i2.p1	-	-	CBM14_e28(116-164)	CBM14	2	CBM14_e28	chitin
TRINITY_DN181_c0_g2_i2.p1	-	-	-	GT1	1	-	-
TRINITY_DN18274_c0_g1_i23.p1	-	-	-	GT1	1	-	-
TRINITY_DN184383_c0_g1_i5.p1	-	-	-	GT57	1	-	-
TRINITY_DN184703_c1_g1_i4.p1	-|-|-	-	CBM14_e56(40-88)+CBM14_e56(109-156)+CBM14_e56(182-227)	CBM14	2	CBM14_e56|CBM14_e56|CBM14_e56	chitin
TRINITY_DN18566_c0_g1_i14.p1	-	-	GH15_e65(35-376)	GH0	2	GH15_e65	-
TRINITY_DN18612_c0_g1_i8.p1	-	-	-	GT2	1	-	-
TRINITY_DN1868_c0_g1_i1.p1	-	-	-	GT22	1	-	-
TRINITY_DN1868_c0_g1_i2.p1	-	-	-	GT22	1	-	-
TRINITY_DN1868_c0_g3_i2.p1	-	GT49(261-486)	GT49_e1(166-462)	GT49	3	GT49_e1	-
TRINITY_DN187625_c0_g1_i2.p1	-	-	-	AA17	1	-	-
TRINITY_DN1881_c0_g1_i13.p1	-	GT27(175-322)	GT27_e29(175-327)	CBM13+GT27	3	GT27_e29	-
TRINITY_DN19059_c0_g1_i3.p1	-	-	-	GT2	1	-	-
TRINITY_DN1919_c0_g1_i15.p1	-	-	-	GT0	1	-	-
TRINITY_DN1919_c0_g1_i3.p1	-	-	-	GT0	1	-	-
TRINITY_DN19216_c0_g1_i5.p1	-	-	-	GH37	1	-	-
TRINITY_DN193217_c0_g2_i1.p1	-	-	-	GT1	1	-	-
TRINITY_DN193513_c0_g2_i5.p1	-	-	-	GT33	1	-	-
TRINITY_DN19685_c0_g1_i6.p1	2.4.1.224:12;2.4.1.225:8|2.4.1.224:12;2.4.1.225:7	GT47(97-389)+GT64(470-722)	GT47_e8(120-389)+GT64_e1(470-722)	GT47+GT64	3	GT47_e8|GT64_e1	-
TRINITY_DN19685_c0_g1_i9.p1	2.4.1.224:12;2.4.1.225:8	GT47(97-294)	GT47_e8(120-314)	GT47+GT64	3	GT47_e8	-
TRINITY_DN198151_c0_g2_i1.p1	-	-	-	GH47	1	-	-
TRINITY_DN19865_c0_g1_i3.p1	-	-	-	GH25	1	-	-
TRINITY_DN19989_c0_g1_i1.p1	2.4.1.255:5	GT61(327-432)	GT61_e12(327-432)	GT61	3	GT61_e12	-
TRINITY_DN199972_c0_g2_i4.p1	-	-	-	AA3_3+AA3_3	1	-	-
TRINITY_DN1_c31_g1_i3.p1	-	-	-	GT30	1	-	-
TRINITY_DN200025_c1_g1_i6.p1	-	-	-	GT50	1	-	-
TRINITY_DN20148_c0_g1_i3.p1	2.4.1.224:9|2.4.1.224:8	GT47(99-369)+GT64(443-688)	GT47_e3(98-369)+GT64_e10(443-688)	GT47+GT64	3	GT47_e3|GT64_e10	-
TRINITY_DN2041_c3_g1_i5.p1	-	-	-	GT0	1	-	-
TRINITY_DN204582_c0_g2_i5.p1	2.4.1.-:14	GT50(126-388)	GT50_e0(126-388)	GT50	3	GT50_e0	-
TRINITY_DN20521_c0_g1_i3.p1	-	-	-	GT3	1	-	-
TRINITY_DN2055_c1_g1_i8.p1	3.2.1.113:4	GH47(55-491)	GH47_e1(55-491)	GH47	3	GH47_e1	host glycan
TRINITY_DN205704_c0_g1_i1.p1	-	-	-	GT4	1	-	-
TRINITY_DN207257_c0_g1_i4.p1	-	-	CBM50_e206(34-77)	-	1	-	chitin
TRINITY_DN20803_c0_g1_i1.p1	-|-|-	-	CBM14_e39(28-78)+CBM14_e39(95-143)+CBM14_e39(176-225)	CBM14	2	CBM14_e39|CBM14_e39|CBM14_e39	chitin
TRINITY_DN208697_c0_g1_i30.p1	3.2.1.-:2	GH16_4(1399-1709)	GH16_e27(1398-1709)	GH16_4	3	GH16_4	host glycan
TRINITY_DN20964_c0_g1_i1.p1	-	-	-	GT2	1	-	-
TRINITY_DN21221_c0_g1_i7.p1	-	GH18(114-454)	GH18_e185(114-457)	GH18	3	GH18_e185	-
TRINITY_DN21291_c0_g1_i3.p1	-	GT66(16-688)	GT66_e36(15-699)	GT66	3	GT66_e36	-
TRINITY_DN2135_c0_g2_i4.p1	-	-	-	GT41	1	-	-
TRINITY_DN214949_c0_g1_i5.p1	-	-	-	GH72	1	-	-
TRINITY_DN21532_c1_g1_i3.p1	-	GH18(32-379)	GH18_e168(33-379)	GH18	3	GH18_e168	-
TRINITY_DN220_c0_g2_i1.p1	-	-	-	AA1	1	-	-
TRINITY_DN2230_c0_g1_i2.p1	-	-	-	GT8	1	-	-
TRINITY_DN223688_c0_g1_i1.p1	-	-	-	GH31_15+GH31_15	1	-	-
TRINITY_DN223987_c0_g1_i2.p1	-	AA1(73-572)	AA1_e73(78-571)	AA1	3	AA1_e73	lignin
TRINITY_DN22480_c0_g1_i7.p1	-	-	-	GH47	1	-	-
TRINITY_DN225_c0_g2_i4.p1	-	-	-	GT8	1	-	-
TRINITY_DN227872_c0_g1_i1.p1	-	-	-	GH13	1	-	-
TRINITY_DN22842_c0_g1_i8.p1	-	-	-	GT68	1	-	-
TRINITY_DN230171_c0_g1_i1.p1	-	-	-	GT0	1	-	-
TRINITY_DN23063_c0_g1_i4.p1	-	-	-	GH24	1	-	-
TRINITY_DN230709_c0_g1_i1.p1	-	-	-	GT4	1	-	-
TRINITY_DN23170_c0_g1_i4.p1	-	-	-	GT31	1	-	-
TRINITY_DN2341_c0_g1_i11.p1	-|-|-|-	-	GH18_e264(170-388)+CBM14_e150(470-518)+CBM14_e54(546-602)+CBM14_e150(2366-2417)	CBM14+GH0	2	GH18_e264|CBM14_e150|CBM14_e54|CBM14_e150	chitin
TRINITY_DN23457_c0_g1_i5.p1	-	-	-	GT22	1	-	-
TRINITY_DN236190_c0_g1_i1.p1	-	-	-	GH128	1	-	-
TRINITY_DN237062_c0_g1_i1.p1	-	-	-	GH152	1	-	-
TRINITY_DN237143_c0_g1_i1.p1	-	-	-	CE5	1	-	-
TRINITY_DN2398_c0_g1_i7.p1	-|-	GT54(115-396)+CBM94(405-542)	GT54_e5(116-389)+CBM94_e2(407-542)	CBM94+GT54	3	GT54_e5|CBM94_e2	host glycan
TRINITY_DN24013_c1_g1_i4.p1	-	-	-	CBM67+CBM67	1	-	-
TRINITY_DN24147_c0_g1_i3.p1	2.4.1.15:67	GT20(29-508)	GT20_e1(29-508)	GT20	3	GT20_e1	-
TRINITY_DN2416_c0_g1_i6.p1	-	-	-	GH3	1	-	-
TRINITY_DN242469_c0_g1_i1.p1	-	-	-	AA11	1	-	-
TRINITY_DN242494_c0_g1_i1.p1	-	AA3_2(53-616)	AA3_e0(54-615)	AA3_2	3	AA3_2	-
TRINITY_DN242819_c0_g1_i1.p1	-	-	-	GH5	1	-	-
TRINITY_DN24304_c0_g1_i7.p1	-	PL1_4(115-305)	PL1_e12(116-304)	-	2	PL1_4	-
TRINITY_DN245406_c0_g1_i1.p1	-	-	CBM14_e47(185-238)	-	1	-	chitin
TRINITY_DN2463_c1_g1_i13.p1	-|-|-	GH18(1-191)	GH18_e132(1-192)+CBM14_e46(287-339)+CBM14_e46(1919-1969)	CBM14+GH18	3	GH18_e132|CBM14_e46|CBM14_e46	chitin
TRINITY_DN2463_c1_g1_i6.p1	-|-|-	GH18(48-404)	GH18_e132(49-405)+CBM14_e46(500-552)+CBM14_e46(1146-1196)	CBM14+GH18	3	GH18_e132|CBM14_e46|CBM14_e46	chitin
TRINITY_DN24832_c0_g3_i24.p1	-	-	-	GH3	1	-	-
TRINITY_DN248953_c0_g1_i1.p1	-	-	-	GT20	1	-	-
TRINITY_DN248997_c0_g1_i1.p1	-	-	-	GT0	1	-	-
TRINITY_DN249048_c0_g1_i1.p1	-	-	-	CBM48+GH13_8+GH13_8	1	-	-
TRINITY_DN2495_c1_g1_i10.p1	3.2.1.114:62	GH38(143-465)	GH38_e37(143-465)	GH38	3	GH38_e37	host glycan
TRINITY_DN24987_c0_g1_i2.p1	3.2.1.24:46;3.2.1.113:24;3.2.1.114:7	GH38(44-360)	GH38_e30(44-360)	GH38	3	GH38_e30	host glycan
TRINITY_DN24996_c0_g1_i6.p1	-	-	-	CBM14	1	-	-
TRINITY_DN252004_c0_g1_i1.p1	-	-	-	CBM50	1	-	-
TRINITY_DN2531_c0_g1_i4.p1	-	-	-	GH92	1	-	-
TRINITY_DN2547_c2_g1_i7.p1	-	-	-	GH93	1	-	-
TRINITY_DN255081_c0_g1_i1.p1	-	-	-	GT0	1	-	-
TRINITY_DN255275_c0_g1_i1.p1	-	-	-	GT2	1	-	-
TRINITY_DN255427_c0_g1_i1.p1	3.2.1.35:8	GH56(29-355)	GH56_e5(30-356)	-	2	GH56_e5	host glycan
TRINITY_DN255922_c0_g1_i1.p1	-	-	-	GT11	1	-	-
TRINITY_DN25661_c0_g1_i1.p1	-	-	-	GH20	1	-	-
TRINITY_DN257748_c0_g1_i1.p1	-	-	GT1_e1253(7-125)	-	1	-	-
TRINITY_DN25822_c0_g1_i5.p1	-	-	-	GT34	1	-	-
TRINITY_DN25964_c0_g1_i12.p1	-	-	-	GH16_18+GH16_18	1	-	-
TRINITY_DN262_c0_g1_i19.p1	-	CBM21(163-271)	CBM21_e2(164-271)	CBM21	3	CBM21_e2	alpha-glucan
TRINITY_DN2645_c0_g1_i6.p1	-	-	-	GH18	1	-	-
TRINITY_DN26541_c0_g1_i1.p1	-	-	-	GH13	1	-	-
TRINITY_DN26673_c2_g2_i1.p1	-	-	-	GT4	1	-	-
TRINITY_DN26735_c0_g1_i4.p1	-	-	-	AA5_1	1	-	-
TRINITY_DN2678_c0_g1_i7.p1	-	-	-	GT29	1	-	-
TRINITY_DN2740_c0_g1_i8.p1	-	-	-	GT2	1	-	-
TRINITY_DN27462_c0_g1_i6.p1	-	-	-	GH18	1	-	-
TRINITY_DN27646_c0_g1_i1.p1	-	-	-	GT0	1	-	-
TRINITY_DN2777_c0_g2_i10.p1	-	-	-	GT25	1	-	-
TRINITY_DN277_c1_g1_i13.p1	-	CBM21(441-541)	CBM21_e35(441-541)	-	2	CBM21_e35	alpha-glucan
TRINITY_DN27856_c3_g1_i2.p1	-	-	-	GT8	1	-	-
TRINITY_DN28501_c0_g1_i10.p1	-	-	-	GT22	1	-	-
TRINITY_DN28501_c0_g1_i7.p1	-	-	-	GT22	1	-	-
TRINITY_DN29033_c0_g1_i12.p1	3.2.1.20:14	GH13_17(139-447)	GH13_e221(139-359)	-	2	GH13_17	alpha-glucan
TRINITY_DN29188_c0_g1_i6.p1	-	-	-	GH78	1	-	-
TRINITY_DN29221_c0_g1_i18.p1	-	-	-	GH3	1	-	-
TRINITY_DN29221_c0_g1_i7.p1	-	-	-	GH3	1	-	-
TRINITY_DN2943_c0_g1_i2.p1	-	-	-	GH0	1	-	-
TRINITY_DN29658_c0_g1_i1.p1	-|-|-	-	CBM14_e71(23-76)+CBM14_e71(91-146)+CBM14_e71(176-223)	CBM14	2	CBM14_e71|CBM14_e71|CBM14_e71	chitin
TRINITY_DN30161_c0_g2_i8.p1	-	-	-	CBM1+GH3	1	-	-
TRINITY_DN30223_c0_g1_i4.p1	-	-	-	GT57	1	-	-
TRINITY_DN3059_c0_g1_i28.p1	-	-	-	GT1	1	-	-
TRINITY_DN3063_c1_g2_i2.p1	-	-	-	GT2	1	-	-
TRINITY_DN30686_c0_g1_i5.p1	-	-	-	GT41	1	-	-
TRINITY_DN30752_c0_g1_i4.p1	-	GT43(110-319)	GT43_e7(110-319)	GT43	3	GT43_e7	-
TRINITY_DN30_c0_g1_i26.p1	-	-	-	CBM5+GH18	1	-	-
TRINITY_DN31385_c0_g1_i2.p1	-	-	-	CE4+CE4	1	-	-
TRINITY_DN31385_c0_g1_i3.p1	-	-	-	CE4+CE4	1	-	-
TRINITY_DN31386_c0_g1_i8.p1	-	-	CBM14_e43(45-101)	-	1	-	chitin
TRINITY_DN31652_c0_g1_i4.p1	-	GT2(13-183)	GT2(13-183)	GT2	3	GT2	-
TRINITY_DN31713_c0_g1_i15.p1	-	-	-	GH16_22+GH16_22	1	-	-
TRINITY_DN31819_c0_g1_i7.p1	-	-	-	GT31	1	-	-
TRINITY_DN3189_c0_g1_i22.p1	-	-	-	GT1	1	-	-
TRINITY_DN3224_c2_g1_i17.p1	-	-	-	GT1	1	-	-
TRINITY_DN3225_c1_g1_i3.p1	-	-	-	GH92	1	-	-
TRINITY_DN3273_c0_g1_i18.p2	-	-	-	GT0	1	-	-
TRINITY_DN32779_c0_g1_i1.p1	-	-	GH1_e60(27-150)	-	1	-	-
TRINITY_DN32802_c1_g1_i2.p1	-	-	-	GH5_12	1	-	-
TRINITY_DN33222_c1_g1_i1.p1	-	GT1(259-443)	GT1_e497(108-438)	GT1	3	GT1_e497	-
TRINITY_DN33261_c0_g2_i1.p1	-	-	-	GH13_22+GH13_22+GT5	1	-	-
TRINITY_DN3339_c0_g1_i21.p1	-	-	-	GT2	1	-	-
TRINITY_DN3339_c0_g1_i7.p1	-	-	-	GT2	1	-	-
TRINITY_DN33602_c0_g1_i8.p1	-	-	-	GT59	1	-	-
TRINITY_DN3371_c1_g1_i6.p1	-	-	-	GH38	1	-	-
TRINITY_DN33858_c0_g1_i15.p1	-	-	-	CBM1+GH95	1	-	-
TRINITY_DN3385_c1_g1_i3.p1	-	-	GT2(742-983)	GT2	2	GT2	-
TRINITY_DN3385_c1_g1_i5.p1	-	-	-	GT2	1	-	-
TRINITY_DN3385_c1_g1_i6.p1	-	-	GT2(742-985)	GT2	2	GT2	-
TRINITY_DN3391_c2_g1_i1.p1	2.4.1.-:28	GT24(1199-1446)	GT24_e1(1199-1446)	GT24	3	GT24_e1	-
TRINITY_DN34121_c0_g2_i1.p1	-	-	-	GT1	1	-	-
TRINITY_DN34307_c0_g1_i12.p1	-	-	-	GT2	1	-	-
TRINITY_DN34531_c2_g1_i17.p1	-	-	-	GT14	1	-	-
TRINITY_DN3457_c1_g1_i14.p1	2.4.1.25:2;3.2.1.33:2|2.4.1.25:2;3.2.1.33:2|2.4.1.25:17;3.2.1.33:16	GH13_25(146-295)+GH13_25(474-599)+GH133(1047-1492)	GH13_e153(146-297)+GH13_e153(472-662)+GH133_e0(1047-1492)	GH13_25+GH133	3	GH13_25|GH13_25|GH133_e0	alpha-glucan
TRINITY_DN34667_c1_g1_i1.p1	-	-	-	CBM14	1	-	-
TRINITY_DN34748_c0_g1_i5.p1	-	-	-	GT15	1	-	-
TRINITY_DN3477_c0_g1_i12.p1	3.2.1.21:13;3.2.1.45:16	GH116(449-813)	GH116_e9(449-813)	GH116	3	GH116_e9	exo-polysaccharide;host glycan
TRINITY_DN350_c0_g1_i11.p1	-	GT11(68-333)	GT11_e77(68-326)	-	2	GT11_e77	-
TRINITY_DN350_c0_g1_i3.p1	-	GT11(39-297)	GT11_e77(39-299)	-	2	GT11_e77	-
TRINITY_DN350_c0_g1_i8.p1	-	GT11(39-297)	GT11_e77(39-299)	-	2	GT11_e77	-
TRINITY_DN3571_c0_g1_i2.p1	-	-	-	CE4	1	-	-
TRINITY_DN36148_c0_g1_i10.p1	3.2.1.28:15	GH37(51-559)	GH37_e10(52-559)	GH37	3	GH37_e10	trehalose
TRINITY_DN36_c0_g1_i2.p1	-	-	-	CBM18	1	-	-
TRINITY_DN3701_c0_g1_i1.p1	-	-	-	CE4	1	-	-
TRINITY_DN37082_c0_g1_i3.p1	-	-	-	GT20	1	-	-
TRINITY_DN3710_c0_g1_i2.p1	-	-	-	GH26	1	-	-
TRINITY_DN373_c30_g1_i2.p1	-	-	-	GH5	1	-	-
TRINITY_DN373_c30_g1_i6.p1	-	-	-	GH5	1	-	-
TRINITY_DN3807_c3_g1_i1.p1	-	AA3_2(94-645)	AA3_e35(94-645)	AA3_2	3	AA3_2	-
TRINITY_DN38108_c2_g1_i4.p1	-	-	-	GH76	1	-	-
TRINITY_DN38894_c0_g1_i3.p1	-	-	-	GH36	1	-	-
TRINITY_DN39040_c0_g1_i1.p1	-	-	-	GT35	1	-	-
TRINITY_DN3925_c0_g1_i1.p1	-	-	-	CBM50	1	-	-
TRINITY_DN3925_c0_g1_i16.p1	-	-	-	CBM50	1	-	-
TRINITY_DN3925_c0_g1_i18.p1	-	-	-	CBM50	1	-	-
TRINITY_DN3925_c0_g1_i5.p1	-	-	-	CBM50	1	-	-
TRINITY_DN39_c0_g1_i13.p1	-	-	-	GH125	1	-	-
TRINITY_DN4013_c1_g1_i5.p1	-	-	-	GT22	1	-	-
TRINITY_DN40209_c3_g1_i12.p1	-	-	-	GH38	1	-	-
TRINITY_DN40240_c0_g2_i2.p1	-	-	-	GH29	1	-	-
TRINITY_DN40355_c0_g1_i2.p1	-	-	-	GT2	1	-	-
TRINITY_DN40742_c2_g1_i6.p1	-	-	-	GH16_19+GH16_19+CBM18	1	-	-
TRINITY_DN40835_c1_g1_i2.p1	-	-	-	GH71	1	-	-
TRINITY_DN41543_c0_g2_i3.p1	-	-	-	GH20	1	-	-
TRINITY_DN41674_c0_g1_i13.p1	-	-	-	GT22	1	-	-
TRINITY_DN41855_c0_g1_i3.p1	-	CE4(215-349)	CBM14_e81(63-120)	CBM14	3	CBM14_e81|CE4	chitin
TRINITY_DN41982_c0_g1_i12.p1	-	-	-	CE4	1	-	-
TRINITY_DN42120_c1_g1_i3.p1	-	-	-	GT8	1	-	-
TRINITY_DN42268_c0_g1_i7.p1	-	-	-	GH28	1	-	-
TRINITY_DN42662_c0_g1_i7.p1	-	-	-	GT4	1	-	-
TRINITY_DN4287_c0_g1_i11.p1	3.2.1.22:11;3.2.1.49:21	GH27(137-387)	GH27_e34(138-386)	GH27	3	GH27_e34	alpha-galactan;host glycan
TRINITY_DN42967_c0_g1_i1.p1	-	-	-	GH16_22+GH16_22	1	-	-
TRINITY_DN436_c0_g1_i3.p1	-	-	CBM14_e81(44-105)	CBM14	2	CBM14_e81	chitin
TRINITY_DN4374_c0_g1_i4.p1	-	-	-	GT2	1	-	-
TRINITY_DN44072_c0_g1_i2.p1	-	CBM39(27-120)	CBM39_e9(27-116)	-	2	CBM39_e9	beta-glucan
TRINITY_DN44072_c0_g1_i3.p1	-|-	CBM39(27-120)+GH16_4(164-440)	CBM39_e9(27-115)+GH16_e323(181-440)	CBM39+GH16_4	3	CBM39_e9|GH16_4	beta-glucan
TRINITY_DN4408_c0_g1_i2.p1	-	-	-	GH3	1	-	-
TRINITY_DN4413_c0_g1_i3.p1	-	-	-	GH45_1+GH45_1	1	-	-
TRINITY_DN4447_c0_g1_i11.p1	-	-	-	GH27+CBM35	1	-	-
TRINITY_DN4447_c0_g1_i13.p1	-	-	-	GH27+CBM35	1	-	-
TRINITY_DN4447_c0_g1_i15.p1	-	-	-	GH27+CBM35	1	-	-
TRINITY_DN447_c0_g1_i5.p1	-	-	-	GT2	1	-	-
TRINITY_DN447_c1_g1_i1.p1	-	-	-	GH5_27	1	-	-
TRINITY_DN447_c1_g2_i1.p1	-	-	-	GH5_27	1	-	-
TRINITY_DN447_c5_g1_i2.p1	3.2.1.28:14	GH37(55-321)	GH37_e8(56-321)	GH37	3	GH37_e8	trehalose
TRINITY_DN456_c3_g1_i6.p1	-	-	-	GH5_12+GH5_12	1	-	-
TRINITY_DN46346_c0_g1_i18.p1	-	-	-	CBM50	1	-	-
TRINITY_DN4727_c1_g1_i2.p1	-	-	-	GT1	1	-	-
TRINITY_DN47328_c0_g2_i4.p1	-	-	-	GH13_11	1	-	-
TRINITY_DN4775_c5_g1_i4.p1	2.4.1.41:83|2.4.1.41:82	GT27(131-425)	GT27_e6(131-425)+CBM13_e54(448-557)	CBM13+GT27	3	GT27_e6|CBM13_e54	xylan
TRINITY_DN47898_c0_g1_i14.p1	-	-	-	GH9	1	-	-
TRINITY_DN48349_c0_g1_i10.p1	-	-	-	GH30_1	1	-	-
TRINITY_DN485_c0_g1_i15.p1	3.2.1.24:2;3.2.1.114:4	GH38(104-428)	GH38_e82(104-428)	GH38	3	GH38_e82	host glycan
TRINITY_DN48774_c0_g1_i4.p1	-	-	-	AA3	1	-	-
TRINITY_DN48799_c0_g1_i15.p1	-	-	-	GH16_18+GH16_18	1	-	-
TRINITY_DN4911_c0_g1_i12.p1	2.4.1.255:41|-	GT41(224-508)	GT41_e34(208-508)+GT41_e8(627-834)	GT41	3	GT41_e34|GT41_e8	-
TRINITY_DN4911_c0_g1_i2.p1	2.4.1.255:41|2.4.1.255:2	GT41(44-328)	GT41_e34(38-328)+GT41_e145(306-600)	GT41	3	GT41_e34|GT41_e145	-
TRINITY_DN4911_c0_g1_i6.p1	2.4.1.255:41|-	GT41(44-328)	GT41_e34(38-328)+GT41_e8(447-654)	GT41	3	GT41_e34|GT41_e8	-
TRINITY_DN501_c0_g1_i14.p1	-|-|-|-	-	CBM14_e38(195-248)+CBM14_e38(278-331)+CBM14_e38(457-510)+CBM14_e38(671-722)	-	1	-	chitin
TRINITY_DN501_c0_g1_i7.p1	-	-	CBM14_e38(183-236)	-	1	-	chitin
TRINITY_DN506_c0_g1_i16.p1	-	-	-	CBM50	1	-	-
TRINITY_DN5106_c0_g1_i7.p1	-	-	-	GT116	1	-	-
TRINITY_DN51933_c0_g1_i17.p1	-	AA1(1-442)	AA1_e31(1-442)	AA1	3	AA1_e31	lignin
TRINITY_DN51933_c0_g1_i23.p1	-	AA1(92-461)	AA1_e31(92-493)	AA1	3	AA1_e31	lignin
TRINITY_DN519_c2_g1_i7.p1	3.2.1.21:10;3.2.1.147:2	GH1(28-490)	GH1_e72(29-490)	GH1	3	GH1_e72	beta-glucan;plant glycoside
TRINITY_DN51_c5_g1_i4.p1	-	-	-	GT13	1	-	-
TRINITY_DN51_c5_g1_i6.p1	-	-	-	GT13	1	-	-
TRINITY_DN5303_c0_g1_i8.p1	-	-	-	GT39	1	-	-
TRINITY_DN539_c0_g2_i1.p1	-	-	-	CE0	1	-	-
TRINITY_DN5409_c0_g1_i4.p1	-	-	-	GT2	1	-	-
TRINITY_DN5409_c0_g2_i1.p1	-	-	-	GT2	1	-	-
TRINITY_DN5409_c0_g2_i5.p1	-	-	-	GT2	1	-	-
TRINITY_DN54_c0_g1_i1.p1	-	-	-	GH45_1+GH45_1	1	-	-
TRINITY_DN54_c0_g2_i5.p1	-	-	-	GH45_1+GH45_1	1	-	-
TRINITY_DN5593_c0_g1_i11.p1	-	PL1_4(110-299)	PL1_e12(111-298)	-	2	PL1_4	-
TRINITY_DN5593_c0_g1_i5.p1	-	PL1_4(110-299)	PL1_e12(111-298)	-	2	PL1_4	-
TRINITY_DN56277_c1_g1_i1.p1	-	-	-	GH3	1	-	-
TRINITY_DN56277_c1_g1_i2.p1	-	-	-	GH3	1	-	-
TRINITY_DN56277_c1_g1_i6.p1	-	-	-	GH3	1	-	-
TRINITY_DN57101_c0_g2_i10.p1	3.2.1.113:73	GH47(75-515)	GH47_e9(75-515)	GH47	3	GH47_e9	host glycan
TRINITY_DN57101_c0_g2_i20.p1	3.2.1.113:73	GH47(205-645)	GH47_e9(205-645)	GH47	3	GH47_e9	host glycan
TRINITY_DN57147_c0_g1_i10.p1	-	-	-	GH30_1	1	-	-
TRINITY_DN57387_c0_g1_i1.p1	-	-	-	GH89	1	-	-
TRINITY_DN5825_c0_g3_i2.p1	-	-	-	GH31	1	-	-
TRINITY_DN5876_c1_g1_i2.p1	-	-	-	AA11	1	-	-
TRINITY_DN6084_c0_g2_i4.p1	-	-	-	GT2	1	-	-
TRINITY_DN60878_c0_g1_i12.p1	2.4.1.11:2	GT3(37-670)	GT3_e4(37-667)	GT3	3	GT3_e4	-
TRINITY_DN6117_c0_g1_i31.p1	-	-	-	GH36	1	-	-
TRINITY_DN6117_c0_g1_i32.p1	-	-	-	GH36	1	-	-
TRINITY_DN611_c3_g1_i1.p1	2.4.1.1:156	GT35(112-829)	GT35_e0(112-829)	GT35	3	GT35_e0	-
TRINITY_DN611_c3_g1_i6.p1	2.4.1.1:156	GT35(112-829)	GT35_e0(112-829)	GT35	3	GT35_e0	-
TRINITY_DN6194_c0_g2_i1.p1	-|-|-	-	CBM14_e9(64-113)+CBM14_e9(132-178)+CBM14_e9(204-252)	CBM14	2	CBM14_e9|CBM14_e9|CBM14_e9	chitin
TRINITY_DN6222_c2_g1_i2.p1	-	AA1(189-706)	AA1_e32(189-706)	AA1	3	AA1_e32	lignin
TRINITY_DN623_c1_g1_i3.p1	-|-|-	-	CBM14_e55(37-88)+CBM14_e55(107-154)+CBM14_e55(180-231)	CBM14	2	CBM14_e55|CBM14_e55|CBM14_e55	chitin
TRINITY_DN623_c1_g1_i4.p1	-|-|-	-	CBM14_e55(37-88)+CBM14_e55(107-154)+CBM14_e55(180-231)	CBM14	2	CBM14_e55|CBM14_e55|CBM14_e55	chitin
TRINITY_DN6268_c0_g1_i14.p1	-	-	-	GH75	1	-	-
TRINITY_DN6279_c0_g1_i2.p1	-	-	-	GT1	1	-	-
TRINITY_DN6283_c0_g1_i40.p1	-	-	-	GT0	1	-	-
TRINITY_DN6305_c1_g1_i1.p1	-	-	-	GH3	1	-	-
TRINITY_DN64230_c0_g1_i9.p1	-	-	-	CBM50	1	-	-
TRINITY_DN65265_c0_g1_i1.p1	-	-	-	CE5	1	-	-
TRINITY_DN6564_c0_g1_i1.p1	-	-	-	CBM50	1	-	-
TRINITY_DN6564_c0_g1_i10.p1	-	-	-	CBM50	1	-	-
TRINITY_DN6564_c0_g1_i3.p1	-	-	-	CBM50	1	-	-
TRINITY_DN6564_c0_g1_i6.p1	-	-	-	CBM50	1	-	-
TRINITY_DN656_c0_g1_i5.p1	-	-	-	GT23	1	-	-
TRINITY_DN6577_c0_g1_i3.p1	-	-	-	GT2	1	-	-
TRINITY_DN6640_c0_g2_i4.p1	-	-	-	GH13_1+GH13_1	1	-	-
TRINITY_DN6658_c0_g1_i10.p1	-	-	-	GT65	1	-	-
TRINITY_DN66635_c0_g1_i4.p1	-	-	-	GH5_12+GH5_12	1	-	-
TRINITY_DN671_c0_g1_i5.p1	-	-	-	GT4	1	-	-
TRINITY_DN6756_c0_g1_i16.p1	-	-	-	GT4	1	-	-
TRINITY_DN67768_c0_g1_i1.p1	-	-	-	GH152	1	-	-
TRINITY_DN67768_c0_g2_i1.p1	-	-	-	GH152	1	-	-
TRINITY_DN6783_c0_g1_i13.p1	3.2.1.20:14	GH13_17(45-390)	GH13_e221(45-390)	GH13_17	3	GH13_17	alpha-glucan
TRINITY_DN6783_c0_g1_i19.p1	3.2.1.20:14	GH13_17(45-390)	GH13_e221(45-390)	GH13_17	3	GH13_17	alpha-glucan
TRINITY_DN68441_c0_g1_i1.p1	-	-	-	PL38	1	-	-
TRINITY_DN6894_c4_g1_i2.p1	-	-	-	CE8	1	-	-
TRINITY_DN6904_c0_g1_i18.p1	-	-	-	GT8	1	-	-
TRINITY_DN69273_c0_g3_i1.p1	-	-	-	GH13_31	1	-	-
TRINITY_DN69895_c0_g1_i13.p1	-	-	-	GT1	1	-	-
TRINITY_DN69_c1_g2_i7.p1	-	-	-	GH152	1	-	-
TRINITY_DN6_c1_g2_i1.p1	-	-	-	GT2	1	-	-
TRINITY_DN6_c1_g2_i5.p1	-	-	-	GT2	1	-	-
TRINITY_DN700_c5_g1_i13.p1	-	-	-	GT64	1	-	-
TRINITY_DN70809_c1_g1_i6.p1	-	-	-	GH5_27	1	-	-
TRINITY_DN70824_c0_g1_i2.p1	-	-	-	GH46	1	-	-
TRINITY_DN70826_c0_g1_i1.p1	-	-	-	GT43	1	-	-
TRINITY_DN71267_c0_g1_i4.p1	-	-	-	GT8	1	-	-
TRINITY_DN7132_c0_g1_i7.p1	-	-	-	GH63	1	-	-
TRINITY_DN7139_c0_g1_i5.p1	-	-	-	GH16	1	-	-
TRINITY_DN7148_c0_g1_i15.p1	-	-	-	GT0	1	-	-
TRINITY_DN714_c0_g1_i19.p1	-	-	-	GH16_22+GH16_22	1	-	-
TRINITY_DN71609_c0_g1_i1.p1	-	-	-	CBM48	1	-	-
TRINITY_DN7163_c0_g1_i24.p1	-	-	-	CE8	1	-	-
TRINITY_DN71671_c0_g1_i7.p1	-	-	-	GT8	1	-	-
TRINITY_DN71885_c0_g1_i1.p1	-|-|-	-	CBM14_e116(46-92)+CBM14_e116(114-160)+CBM14_e116(190-230)	CBM14	2	CBM14_e116|CBM14_e116|CBM14_e116	chitin
TRINITY_DN71958_c0_g1_i3.p1	-	-	-	GH5_7+GH5_7+CBM1	1	-	-
TRINITY_DN72710_c0_g1_i1.p1	-	-	-	GH32	1	-	-
TRINITY_DN73425_c0_g1_i2.p1	3.2.1.1:8	GH13(245-545)	GH13_e389(245-540)	GH0	3	GH13_e389	alpha-glucan
TRINITY_DN7374_c0_g1_i25.p1	-	-	-	GT2	1	-	-
TRINITY_DN7402_c0_g1_i8.p1	-	GH16_4(3-256)	GH16_e130(8-255)	-	2	GH16_4	-
TRINITY_DN74045_c3_g1_i3.p1	-	-	-	GT119	1	-	-
TRINITY_DN74399_c1_g1_i2.p1	-	GT1(155-443)	GT1_e592(170-445)	GT1	3	GT1_e592	-
TRINITY_DN74895_c0_g1_i2.p1	-	AA1(181-704)	AA1_e57(181-704)	AA1	3	AA1_e57	lignin
TRINITY_DN7631_c0_g1_i5.p1	-	-	-	GT7	1	-	-
TRINITY_DN767_c0_g1_i10.p1	-	-	-	GT2	1	-	-
TRINITY_DN767_c0_g1_i26.p1	-	-	-	GT2	1	-	-
TRINITY_DN769_c0_g1_i5.p1	-	-	-	GH92	1	-	-
TRINITY_DN7700_c0_g1_i11.p1	-	-	-	GH16_20	1	-	-
TRINITY_DN77936_c0_g1_i2.p1	-	-	-	CBM48+GH13	1	-	-
TRINITY_DN7803_c0_g1_i2.p1	-	AA3_2(78-628)	AA3_e35(77-626)	AA3_2	3	AA3_2	-
TRINITY_DN78301_c0_g1_i1.p1	-	GT92(269-529)	GT92_e4(270-521)	GT92	3	GT92_e4	-
TRINITY_DN7839_c1_g1_i8.p1	-	-	-	GH18	1	-	-
TRINITY_DN786_c2_g1_i4.p1	2.4.2.26:28	GT14(187-431)	GT14_e51(187-431)	GT14	3	GT14_e51	-
TRINITY_DN79646_c0_g1_i4.p1	-	-	-	GT2	1	-	-
TRINITY_DN7976_c1_g1_i1.p1	-	CBM39(26-119)	CBM39_e10(26-119)	-	2	CBM39_e10	beta-glucan
TRINITY_DN8008_c3_g1_i4.p1	-	-	-	GH1	1	-	-
TRINITY_DN80324_c0_g4_i1.p1	-	-	-	GT50	1	-	-
TRINITY_DN8033_c0_g1_i5.p1	-	-	-	GT43	1	-	-
TRINITY_DN8073_c1_g1_i3.p1	-	-	-	GT2	1	-	-
TRINITY_DN81696_c0_g1_i9.p1	-	-	-	AA9	1	-	-
TRINITY_DN818_c0_g1_i2.p1	-	-	-	GH0	1	-	-
TRINITY_DN8226_c1_g1_i9.p1	-	-	-	GT59	1	-	-
TRINITY_DN8250_c0_g1_i3.p1	-	-	-	GT22	1	-	-
TRINITY_DN8338_c1_g2_i3.p1	-	-	-	AA17	1	-	-
TRINITY_DN8402_c0_g1_i2.p1	-	-	-	GH45_1+GH45_1	1	-	-
TRINITY_DN84166_c0_g2_i1.p1	-	-	-	AA3	1	-	-
TRINITY_DN842_c0_g1_i6.p1	-	-	-	GT27	1	-	-
TRINITY_DN8622_c0_g1_i4.p1	-	-	CBM14_e152(62-108)	CBM14	2	CBM14_e152	chitin
TRINITY_DN8622_c0_g1_i6.p1	-	CE4(488-619)	CBM14_e152(62-108)	CBM14	3	CBM14_e152|CE4	chitin
TRINITY_DN864_c5_g1_i11.p1	-	-	-	CEF62930.1+GT2	1	-	-
TRINITY_DN8681_c1_g2_i1.p1	-	AA4(46-267)	-	-	1	-	-
TRINITY_DN8875_c0_g1_i10.p1	-	-	CBM48_e63(92-145)	CBM48	2	CBM48_e63	alpha-glucan
TRINITY_DN8875_c0_g1_i5.p1	-	-	CBM48_e63(92-145)	CBM48	2	CBM48_e63	alpha-glucan
TRINITY_DN8917_c0_g1_i7.p1	-	-	-	CBM50	1	-	-
TRINITY_DN8953_c0_g1_i20.p1	-	-	-	GH5_12	1	-	-
TRINITY_DN8960_c2_g1_i4.p1	-	-	-	GH130_3	1	-	-
TRINITY_DN8990_c0_g2_i1.p1	-	-	-	GT1	1	-	-
TRINITY_DN8990_c0_g2_i3.p1	-	-	-	GT1	1	-	-
TRINITY_DN910_c0_g1_i14.p1	-	-	-	CE8	1	-	-
TRINITY_DN91589_c0_g1_i3.p1	-	-	-	GH16_2+GH16_2	1	-	-
TRINITY_DN917_c0_g1_i1.p1	-	-	-	GT1	1	-	-
TRINITY_DN917_c0_g1_i2.p1	-	-	-	GT1	1	-	-
TRINITY_DN917_c0_g1_i3.p1	-	-	-	GT1	1	-	-
TRINITY_DN9209_c0_g1_i11.p1	-	-	-	GT47	1	-	-
TRINITY_DN92307_c0_g1_i2.p1	-	-	-	GH0	1	-	-
TRINITY_DN923_c0_g1_i12.p1	-	-	-	GH15+CBM20	1	-	-
TRINITY_DN9255_c0_g1_i2.p1	-	-	-	GT1	1	-	-
TRINITY_DN9437_c0_g1_i12.p1	-	-	-	CBM13	1	-	-
TRINITY_DN95048_c1_g2_i7.p1	3.2.1.52:32	GH20(184-504)	GH20_e95(187-504)	GH20	3	GH20_e95	host glycan
TRINITY_DN9523_c0_g1_i10.p1	-	-	-	CBM14	1	-	-
TRINITY_DN9523_c0_g1_i11.p1	-	-	CBM14_e57(42-89)	-	1	-	chitin
TRINITY_DN9523_c0_g1_i8.p1	-	-	CBM14_e57(42-89)	CBM14	2	CBM14_e57	chitin
TRINITY_DN9622_c0_g1_i10.p1	-	-	-	GH16_1+GH16_1	1	-	-
TRINITY_DN987_c0_g1_i13.p1	-	-	-	GH76	1	-	-
TRINITY_DN9929_c0_g1_i17.p1	-	-	-	GT57	1	-	-
TRINITY_DN99748_c0_g1_i9.p1	-	-	-	GH116	1	-	-
