pathway_id,name,category,protein_count,pct_total
map01100,Metabolic pathways,Other,845,6.79
map01110,Biosynthesis of secondary metabolites,Other,388,3.12
map03010,Ribosome,Genetic Information Processing,261,2.1
map05200,Pathways in cancer,Human Diseases,244,1.96
map01130,map01130,Other,214,1.72
map04714,Thermogenesis,Organismal Systems,181,1.45
map04141,Protein processing in endoplasmic reticulum,Genetic Information Processing,171,1.37
map01120,Microbial metabolism in diverse environments,Other,168,1.35
map05205,Proteoglycans in cancer,Human Diseases,167,1.34
map04144,Endocytosis,Cellular Processes,155,1.25
map04151,PI3K-Akt signaling pathway,Environmental Information Processing,147,1.18
map05165,Human papillomavirus infection,Human Diseases,144,1.16
map05010,Alzheimer disease,Human Diseases,143,1.15
map05016,Huntington disease,Human Diseases,142,1.14
map04010,MAPK signaling pathway,Environmental Information Processing,141,1.13
map00983,Drug metabolism - other enzymes,Metabolism,140,1.12
map04932,Non-alcoholic fatty liver disease,Human Diseases,138,1.11
map04510,Focal adhesion,Cellular Processes,137,1.1
map05012,Parkinson disease,Human Diseases,134,1.08
map05231,Choline metabolism in cancer,Human Diseases,129,1.04
map01200,Carbon metabolism,Other,129,1.04
map04810,Regulation of actin cytoskeleton,Cellular Processes,129,1.04
map00980,Metabolism of xenobiotics by cytochrome P450,Metabolism,122,0.98
map05169,Epstein-Barr virus infection,Human Diseases,122,0.98
map03040,Spliceosome,Genetic Information Processing,121,0.97
map05204,Chemical carcinogenesis - DNA adducts,Human Diseases,120,0.96
map00190,Oxidative phosphorylation,Metabolism,120,0.96
map05166,Human T-cell leukemia virus 1 infection,Human Diseases,116,0.93
map04022,cGMP-PKG signaling pathway,Environmental Information Processing,115,0.92
map00982,Drug metabolism - cytochrome P450,Metabolism,115,0.92
map04024,cAMP signaling pathway,Environmental Information Processing,115,0.92
map04910,Insulin signaling pathway,Organismal Systems,113,0.91
map03013,Nucleocytoplasmic transport,Genetic Information Processing,112,0.9
map05203,Viral carcinogenesis,Human Diseases,111,0.89
map04015,Rap1 signaling pathway,Environmental Information Processing,109,0.88
map05418,Fluid shear stress and atherosclerosis,Human Diseases,106,0.85
map04530,Tight junction,Cellular Processes,105,0.84
map04150,mTOR signaling pathway,Environmental Information Processing,104,0.84
map04921,Oxytocin signaling pathway,Organismal Systems,104,0.84
map04152,AMPK signaling pathway,Environmental Information Processing,101,0.81
map00040,Pentose and glucuronate interconversions,Metabolism,100,0.8
map00140,Steroid hormone biosynthesis,Metabolism,100,0.8
map04261,Adrenergic signaling in cardiomyocytes,Organismal Systems,99,0.8
map00310,Lysine degradation,Metabolism,99,0.8
map00860,Porphyrin metabolism,Metabolism,98,0.79
map05206,MicroRNAs in cancer,Human Diseases,98,0.79
map00053,Ascorbate and aldarate metabolism,Metabolism,98,0.79
map00230,Purine metabolism,Metabolism,97,0.78
map04142,Lysosome biogenesis,Cellular Processes,95,0.76
map00830,Retinol metabolism,Metabolism,94,0.76
map04931,Insulin resistance,Human Diseases,91,0.73
map04360,Axon guidance,Organismal Systems,90,0.72
map04120,Ubiquitin mediated proteolysis,Genetic Information Processing,90,0.72
map04062,Chemokine signaling pathway,Organismal Systems,90,0.72
map05202,Transcriptional misregulation in cancer,Human Diseases,90,0.72
map04722,Neurotrophin signaling pathway,Organismal Systems,89,0.72
map04919,Thyroid hormone signaling pathway,Organismal Systems,89,0.72
map05168,Herpes simplex virus 1 infection,Human Diseases,89,0.72
map04212,Longevity regulating pathway - worm,Organismal Systems,88,0.71
map01230,Biosynthesis of amino acids,Other,87,0.7
map04014,Ras signaling pathway,Environmental Information Processing,87,0.7
map05164,Influenza A,Human Diseases,86,0.69
map04213,Longevity regulating pathway - multiple species,Organismal Systems,86,0.69
map04371,Apelin signaling pathway,Environmental Information Processing,85,0.68
map04611,Platelet activation,Organismal Systems,85,0.68
map04020,Calcium signaling pathway,Environmental Information Processing,85,0.68
map04066,HIF-1 signaling pathway,Environmental Information Processing,84,0.67
map04922,Glucagon signaling pathway,Organismal Systems,83,0.67
map05225,Hepatocellular carcinoma,Human Diseases,82,0.66
map04013,MAPK signaling pathway - fly,Environmental Information Processing,81,0.65
map05410,Hypertrophic cardiomyopathy,Human Diseases,81,0.65
map04068,FoxO signaling pathway,Environmental Information Processing,80,0.64
map05152,Tuberculosis,Human Diseases,80,0.64
map05167,Kaposi sarcoma-associated herpesvirus infection,Human Diseases,79,0.63
map04072,Phospholipase D signaling pathway,Environmental Information Processing,78,0.63
map05414,Dilated cardiomyopathy,Human Diseases,78,0.63
map04140,Autophagy - animal,Cellular Processes,78,0.63
map04211,Longevity regulating pathway,Organismal Systems,78,0.63
map04310,Wnt signaling pathway,Environmental Information Processing,78,0.63
map04621,NOD-like receptor signaling pathway,Organismal Systems,77,0.62
map04915,Estrogen signaling pathway,Organismal Systems,75,0.6
map04520,Adherens junction,Cellular Processes,74,0.59
map04723,Retrograde endocannabinoid signaling,Organismal Systems,74,0.59
map04390,Hippo signaling pathway,Environmental Information Processing,74,0.59
map04728,Dopaminergic synapse,Organismal Systems,74,0.59
map04218,Cellular senescence,Cellular Processes,73,0.59
map04214,Apoptosis - fly,Cellular Processes,72,0.58
map04270,Vascular smooth muscle contraction,Organismal Systems,72,0.58
map05215,Prostate cancer,Human Diseases,71,0.57
map04972,Pancreatic secretion,Organismal Systems,70,0.56
map04925,Aldosterone synthesis and secretion,Organismal Systems,70,0.56
map04146,Peroxisome,Cellular Processes,69,0.55
map04217,Necroptosis,Cellular Processes,69,0.55
map04071,Sphingolipid signaling pathway,Environmental Information Processing,67,0.54
map04210,Apoptosis,Cellular Processes,66,0.53
map05034,Alcoholism,Human Diseases,66,0.53
map00240,Pyrimidine metabolism,Metabolism,66,0.53
map04912,GnRH signaling pathway,Organismal Systems,65,0.52
map04934,Cushing syndrome,Human Diseases,65,0.52
map00564,Glycerophospholipid metabolism,Metabolism,65,0.52
map03018,RNA degradation,Genetic Information Processing,65,0.52
map04145,Phagosome,Cellular Processes,65,0.52
map05100,Bacterial invasion of epithelial cells,Human Diseases,64,0.51
map04970,Salivary secretion,Organismal Systems,63,0.51
map03015,mRNA surveillance pathway,Genetic Information Processing,63,0.51
map05161,Hepatitis B,Human Diseases,63,0.51
map04926,Relaxin signaling pathway,Organismal Systems,63,0.51
map05145,Toxoplasmosis,Human Diseases,61,0.49
map05146,Amoebiasis,Human Diseases,60,0.48
map04670,Leukocyte transendothelial migration,Organismal Systems,60,0.48
map00010,Glycolysis / Gluconeogenesis,Metabolism,60,0.48
map04260,Cardiac muscle contraction,Organismal Systems,60,0.48
map05134,Legionellosis,Human Diseases,59,0.47
map04911,Insulin secretion,Organismal Systems,59,0.47
map04137,Mitophagy - animal,Cellular Processes,59,0.47
map04114,Oocyte meiosis,Cellular Processes,59,0.47
map05211,Renal cell carcinoma,Human Diseases,59,0.47
map01524,Platinum drug resistance,Human Diseases,58,0.47
map05222,Small cell lung cancer,Human Diseases,58,0.47
map04976,Bile secretion,Organismal Systems,58,0.47
map04391,Hippo signaling pathway - fly,Environmental Information Processing,58,0.47
map03320,PPAR signaling pathway,Organismal Systems,57,0.46
map04725,Cholinergic synapse,Organismal Systems,56,0.45
map05120,Epithelial cell signaling in Helicobacter pylori infection,Human Diseases,56,0.45
map05160,Hepatitis C,Human Diseases,55,0.44
map04713,Circadian entrainment,Organismal Systems,54,0.43
map04971,Gastric acid secretion,Organismal Systems,54,0.43
map04550,Signaling pathways regulating pluripotency of stem cells,Cellular Processes,54,0.43
map04920,Adipocytokine signaling pathway,Organismal Systems,54,0.43
map04924,Renin secretion,Organismal Systems,54,0.43
map05224,Breast cancer,Human Diseases,53,0.43
map00480,Glutathione metabolism,Metabolism,53,0.43
map04624,Toll and Imd signaling pathway,Organismal Systems,53,0.43
map04668,TNF signaling pathway,Environmental Information Processing,53,0.43
map05031,Amphetamine addiction,Human Diseases,53,0.43
map05162,Measles,Human Diseases,53,0.43
map01522,Endocrine resistance,Human Diseases,53,0.43
map04666,Fc gamma R-mediated phagosome formation,Organismal Systems,52,0.42
map05226,Gastric cancer,Human Diseases,52,0.42
map05132,Salmonella infection,Human Diseases,51,0.41
map04916,Melanogenesis,Organismal Systems,51,0.41
map05142,Chagas disease,Human Diseases,51,0.41
map05131,Shigellosis,Human Diseases,51,0.41
map04721,Synaptic vesicle cycle,Organismal Systems,51,0.41
map00020,Citrate cycle (TCA cycle),Metabolism,50,0.4
map05110,Vibrio cholerae infection,Human Diseases,48,0.39
map04012,ErbB signaling pathway,Environmental Information Processing,48,0.39
map00620,Pyruvate metabolism,Metabolism,48,0.39
map04720,Long-term potentiation,Organismal Systems,47,0.38
map04138,Autophagy - yeast,Cellular Processes,47,0.38
map04380,Osteoclast differentiation,Organismal Systems,46,0.37
map04660,T cell receptor signaling pathway,Organismal Systems,46,0.37
map05220,Chronic myeloid leukemia,Human Diseases,46,0.37
map01521,EGFR tyrosine kinase inhibitor resistance,Human Diseases,45,0.36
map04918,Thyroid hormone synthesis,Organismal Systems,45,0.36
map04612,Antigen processing and presentation,Organismal Systems,44,0.35
map00520,Amino sugar and nucleotide sugar metabolism,Metabolism,44,0.35
map04750,Inflammatory mediator regulation of TRP channels,Organismal Systems,44,0.35
map04540,Gap junction,Cellular Processes,44,0.35
map04933,AGE-RAGE signaling pathway in diabetic complications,Human Diseases,44,0.35
map04917,Prolactin signaling pathway,Organismal Systems,43,0.35
map05210,Colorectal cancer,Human Diseases,42,0.34
map04923,Regulation of lipolysis in adipocytes,Organismal Systems,42,0.34
map05230,Central carbon metabolism in cancer,Human Diseases,41,0.33
map04726,Serotonergic synapse,Organismal Systems,41,0.33
map04350,TGF-beta signaling pathway,Environmental Information Processing,41,0.33
map04724,Glutamatergic synapse,Organismal Systems,41,0.33
map04914,Progesterone-mediated oocyte maturation,Organismal Systems,41,0.33
map05130,Pathogenic Escherichia coli infection,Human Diseases,40,0.32
map04659,Th17 cell differentiation,Organismal Systems,40,0.32
map03008,Ribosome biogenesis in eukaryotes,Genetic Information Processing,40,0.32
map05214,Glioma,Human Diseases,40,0.32
map05416,Viral myocarditis,Human Diseases,39,0.31
map03050,Proteasome,Genetic Information Processing,39,0.31
map04974,Protein digestion and absorption,Organismal Systems,38,0.31
map01212,Fatty acid metabolism,Other,38,0.31
map04070,Phosphatidylinositol signaling system,Environmental Information Processing,37,0.3
map04740,Olfactory transduction,Organismal Systems,36,0.29
map04927,Cortisol synthesis and secretion,Organismal Systems,36,0.29
map05030,Cocaine addiction,Human Diseases,36,0.29
map04962,Vasopressin-regulated water reabsorption,Organismal Systems,36,0.29
map05223,Non-small cell lung cancer,Human Diseases,36,0.29
map04657,IL-17 signaling pathway,Organismal Systems,36,0.29
map04110,Cell cycle,Cellular Processes,36,0.29
map04662,B cell receptor signaling pathway,Organismal Systems,35,0.28
map04930,Type II diabetes mellitus,Human Diseases,35,0.28
map04064,NF-kappa B signaling pathway,Environmental Information Processing,35,0.28
map04370,VEGF signaling pathway,Environmental Information Processing,35,0.28
map00561,Glycerolipid metabolism,Metabolism,34,0.27
map04730,Long-term depression,Organismal Systems,34,0.27
map04745,Phototransduction - fly,Organismal Systems,34,0.27
map04630,JAK-STAT signaling pathway,Environmental Information Processing,33,0.27
map05213,Endometrial cancer,Human Diseases,33,0.27
map00500,Starch and sucrose metabolism,Metabolism,33,0.27
map04620,Toll-like receptor signaling pathway,Organismal Systems,33,0.27
map04960,Aldosterone-regulated sodium reabsorption,Organismal Systems,33,0.27
map00710,Carbon fixation by Calvin cycle,Metabolism,33,0.27
map04961,Endocrine and other factor-regulated calcium reabsorption,Organismal Systems,32,0.26
map00051,Fructose and mannose metabolism,Metabolism,32,0.26
map00270,Cysteine and methionine metabolism,Metabolism,32,0.26
map05032,Morphine addiction,Human Diseases,31,0.25
map00981,Insect hormone biosynthesis,Metabolism,31,0.25
map05221,Acute myeloid leukemia,Human Diseases,31,0.25
map05212,Pancreatic cancer,Human Diseases,31,0.25
map00330,Arginine and proline metabolism,Metabolism,31,0.25
map00071,Fatty acid degradation,Metabolism,30,0.24
map04727,GABAergic synapse,Organismal Systems,30,0.24
map04514,Cell adhesion molecule (CAM) interaction,Environmental Information Processing,30,0.24
map00030,Pentose phosphate pathway,Metabolism,30,0.24
map00380,Tryptophan metabolism,Metabolism,30,0.24
map05218,Melanoma,Human Diseases,30,0.24
map04913,Ovarian steroidogenesis,Organismal Systems,30,0.24
map05323,Rheumatoid arthritis,Human Diseases,29,0.23
map05412,Arrhythmogenic right ventricular cardiomyopathy,Human Diseases,29,0.23
map00260,"Glycine, serine and threonine metabolism",Metabolism,29,0.23
map04320,Dorso-ventral axis formation,Organismal Systems,29,0.23
map02020,Two-component system,Environmental Information Processing,29,0.23
map00900,Terpenoid backbone biosynthesis,Metabolism,29,0.23
map04650,Natural killer cell mediated cytotoxicity,Organismal Systems,29,0.23
map01210,2-Oxocarboxylic acid metabolism,Other,29,0.23
map04011,MAPK signaling pathway - yeast,Environmental Information Processing,28,0.22
map05133,Pertussis,Human Diseases,28,0.22
map04113,Meiosis - yeast,Cellular Processes,28,0.22
map04330,Notch signaling pathway,Environmental Information Processing,27,0.22
map04512,ECM-receptor interaction,Environmental Information Processing,27,0.22
map00052,Galactose metabolism,Metabolism,27,0.22
map05014,Amyotrophic lateral sclerosis,Human Diseases,26,0.21
map04979,Cholesterol metabolism,Organismal Systems,26,0.21
map04340,Hedgehog signaling pathway,Environmental Information Processing,26,0.21
map00590,Arachidonic acid metabolism,Metabolism,26,0.21
map04973,Carbohydrate digestion and absorption,Organismal Systems,26,0.21
map00280,"Valine, leucine and isoleucine degradation",Metabolism,26,0.21
map04216,Ferroptosis,Cellular Processes,26,0.21
map04139,Mitophagy - yeast,Cellular Processes,25,0.2
map04341,Hedgehog signaling pathway - fly,Environmental Information Processing,25,0.2
map04111,Cell cycle - yeast,Cellular Processes,25,0.2
map02010,ABC transporters,Environmental Information Processing,25,0.2
map00562,Inositol phosphate metabolism,Metabolism,25,0.2
map00970,Aminoacyl-tRNA biosynthesis,Genetic Information Processing,25,0.2
map00250,"Alanine, aspartate and glutamate metabolism",Metabolism,25,0.2
map04658,Th1 and Th2 cell differentiation,Organismal Systems,24,0.19
map04978,Mineral absorption,Organismal Systems,24,0.19
map04664,Fc epsilon RI signaling pathway,Organismal Systems,24,0.19
map04115,p53 signaling pathway,Cellular Processes,24,0.19
map05216,Thyroid cancer,Human Diseases,24,0.19
map03060,Protein export,Genetic Information Processing,23,0.18
map04622,RIG-I-like receptor signaling pathway,Organismal Systems,23,0.18
map04130,SNARE interactions in vesicular transport,Genetic Information Processing,22,0.18
map05020,Prion disease,Human Diseases,22,0.18
map04710,Circadian rhythm,Organismal Systems,22,0.18
map00630,Glyoxylate and dicarboxylate metabolism,Metabolism,22,0.18
map04964,Proximal tubule bicarbonate reclamation,Organismal Systems,22,0.18
map00720,Other carbon fixation pathways,Metabolism,22,0.18
map00565,Ether lipid metabolism,Metabolism,22,0.18
map04966,Collecting duct acid secretion,Organismal Systems,22,0.18
map04623,Cytosolic DNA-sensing pathway,Organismal Systems,21,0.17
map03020,RNA polymerase,Genetic Information Processing,21,0.17
map04136,Autophagy - other,Cellular Processes,21,0.17
map05219,Bladder cancer,Human Diseases,21,0.17
map01523,Antifolate resistance,Human Diseases,20,0.16
map00680,Methane metabolism,Metabolism,20,0.16
map04215,Apoptosis - multiple species,Cellular Processes,20,0.16
map00790,Folate biosynthesis,Metabolism,20,0.16
map00513,Various types of N-glycan biosynthesis,Metabolism,19,0.15
map05140,Leishmaniasis,Human Diseases,19,0.15
map04392,Hippo signaling pathway - multiple species,Environmental Information Processing,19,0.15
map00640,Propanoate metabolism,Metabolism,19,0.15
map04614,Renin-angiotensin system,Organismal Systems,18,0.14
map03420,Nucleotide excision repair,Genetic Information Processing,18,0.14
map00650,Butanoate metabolism,Metabolism,18,0.14
map05322,Systemic lupus erythematosus,Human Diseases,17,0.14
map00350,Tyrosine metabolism,Metabolism,17,0.14
map00410,beta-Alanine metabolism,Metabolism,17,0.14
map04060,Cytokine-cytokine receptor interaction,Environmental Information Processing,17,0.14
map04711,Circadian rhythm - fly,Organismal Systems,17,0.14
map00220,Arginine biosynthesis,Metabolism,17,0.14
map00510,N-Glycan biosynthesis,Metabolism,17,0.14
map04080,Neuroactive ligand-receptor interaction,Environmental Information Processing,17,0.14
map00600,Sphingolipid metabolism,Metabolism,17,0.14
map00760,Nicotinate and nicotinamide metabolism,Metabolism,16,0.13
map04950,Maturity onset diabetes of the young,Human Diseases,16,0.13
map05217,Basal cell carcinoma,Human Diseases,16,0.13
map02024,Quorum sensing,Cellular Processes,15,0.12
map04640,Hematopoietic cell lineage,Organismal Systems,15,0.12
map00360,Phenylalanine metabolism,Metabolism,15,0.12
map00062,Fatty acid elongation,Metabolism,15,0.12
map00450,Selenocompound metabolism,Metabolism,15,0.12
map00061,Fatty acid biosynthesis,Metabolism,15,0.12
map04626,Plant-pathogen interaction,Organismal Systems,15,0.12
map00531,Glycosaminoglycan degradation,Metabolism,14,0.11
map00930,Caprolactam degradation,Metabolism,13,0.1
map01040,Biosynthesis of unsaturated fatty acids,Metabolism,13,0.1
map00950,Isoquinoline alkaloid biosynthesis,Metabolism,12,0.1
map03030,DNA replication,Genetic Information Processing,12,0.1
map03460,Fanconi anemia pathway,Genetic Information Processing,12,0.1
map05144,Malaria,Human Diseases,12,0.1
map03440,Homologous recombination,Genetic Information Processing,12,0.1
map04940,Type I diabetes mellitus,Human Diseases,12,0.1
map04975,Fat digestion and absorption,Organismal Systems,11,0.09
map00340,Histidine metabolism,Metabolism,11,0.09
map04742,Taste transduction,Organismal Systems,11,0.09
map01220,Degradation of aromatic compounds,Other,11,0.09
map00910,Nitrogen metabolism,Metabolism,11,0.09
map00534,Glycosaminoglycan biosynthesis - heparan sulfate / heparin,Metabolism,11,0.09
map04610,Complement and coagulation cascades,Organismal Systems,11,0.09
map00130,Ubiquinone and other terpenoid-quinone biosynthesis,Metabolism,11,0.09
map00603,Glycosphingolipid biosynthesis - globo and isoglobo series,Metabolism,10,0.08
map04016,MAPK signaling pathway - plant,Environmental Information Processing,10,0.08
map00073,"Cutin, suberine and wax biosynthesis",Metabolism,10,0.08
map04744,Phototransduction,Organismal Systems,10,0.08
map00770,Pantothenate and CoA biosynthesis,Metabolism,10,0.08
map00290,"Valine, leucine and isoleucine biosynthesis",Metabolism,10,0.08
map03430,Mismatch repair,Genetic Information Processing,9,0.07
map05143,African trypanosomiasis,Human Diseases,9,0.07
map03022,Basal transcription factors,Genetic Information Processing,9,0.07
map00920,Sulfur metabolism,Metabolism,9,0.07
map00072,map00072,Other,9,0.07
map05321,Inflammatory bowel disease,Human Diseases,8,0.06
map00730,Thiamine metabolism,Metabolism,8,0.06
map00625,Chloroalkane and chloroalkene degradation,Metabolism,8,0.06
map00521,Streptomycin biosynthesis,Metabolism,8,0.06
map00591,Linoleic acid metabolism,Metabolism,8,0.06
map02025,Biofilm formation - Pseudomonas aeruginosa,Cellular Processes,8,0.06
map00532,Glycosaminoglycan biosynthesis - chondroitin sulfate / dermatan sulfate,Metabolism,8,0.06
map00511,Other glycan degradation,Metabolism,8,0.06
map04977,Vitamin digestion and absorption,Organismal Systems,8,0.06
map00100,Steroid biosynthesis,Metabolism,8,0.06
map00195,Photosynthesis,Metabolism,8,0.06
map00563,Glycosylphosphatidylinositol (GPI)-anchor biosynthesis,Metabolism,8,0.06
map00430,Taurine and hypotaurine metabolism,Metabolism,7,0.06
map00903,Limonene degradation,Metabolism,7,0.06
map00940,Phenylpropanoid biosynthesis,Metabolism,7,0.06
map00965,Betalain biosynthesis,Metabolism,6,0.05
map00524,"Neomycin, kanamycin and gentamicin biosynthesis",Metabolism,6,0.05
map03070,Bacterial secretion system,Environmental Information Processing,6,0.05
map03410,Base excision repair,Genetic Information Processing,6,0.05
map00901,Indole alkaloid biosynthesis,Metabolism,6,0.05
map00670,One carbon pool by folate,Metabolism,6,0.05
map00514,Other types of O-glycan biosynthesis,Metabolism,6,0.05
map00660,C5-Branched dibasic acid metabolism,Metabolism,5,0.04
map00601,Glycosphingolipid biosynthesis - lacto and neolacto series,Metabolism,5,0.04
map00460,Cyanoamino acid metabolism,Metabolism,5,0.04
map00740,Riboflavin metabolism,Metabolism,5,0.04
map02026,Biofilm formation - Escherichia coli,Cellular Processes,5,0.04
map04112,Cell cycle - Caulobacter,Cellular Processes,5,0.04
map03450,Non-homologous end-joining,Genetic Information Processing,5,0.04
map00750,Vitamin B6 metabolism,Metabolism,5,0.04
map00300,Lysine biosynthesis,Metabolism,4,0.03
map00261,Monobactam biosynthesis,Metabolism,4,0.03
map00627,Aminobenzoate degradation,Metabolism,4,0.03
map00780,Biotin metabolism,Metabolism,4,0.03
map00362,Benzoate degradation,Metabolism,4,0.03
map00592,alpha-Linolenic acid metabolism,Metabolism,4,0.03
map05033,Nicotine addiction,Human Diseases,4,0.03
map00120,Primary bile acid biosynthesis,Metabolism,4,0.03
map05340,Primary immunodeficiency,Human Diseases,4,0.03
map00515,Mannose type O-glycan biosynthesis,Metabolism,4,0.03
map00400,"Phenylalanine, tyrosine and tryptophan biosynthesis",Metabolism,4,0.03
map04712,Circadian rhythm - plant,Organismal Systems,4,0.03
map00604,Glycosphingolipid biosynthesis - ganglio series,Metabolism,4,0.03
map00471,map00471,Other,3,0.02
map00333,Prodigiosin biosynthesis,Metabolism,3,0.02
map02030,Bacterial chemotaxis,Cellular Processes,3,0.02
map01503,Cationic antimicrobial peptide (CAMP) resistance,Human Diseases,3,0.02
map02040,Flagellar assembly,Cellular Processes,3,0.02
map05150,Staphylococcus aureus infection,Human Diseases,3,0.02
map04122,Sulfur relay system,Genetic Information Processing,3,0.02
map00785,Lipoic acid metabolism,Metabolism,3,0.02
map00512,Mucin type O-glycan biosynthesis,Metabolism,3,0.02
map01051,Biosynthesis of ansamycins,Metabolism,3,0.02
map02060,Phosphotransferase system (PTS),Environmental Information Processing,2,0.02
map05111,Biofilm formation - Vibrio cholerae,Cellular Processes,2,0.02
map00960,"Tropane, piperidine and pyridine alkaloid biosynthesis",Metabolism,2,0.02
map00643,Styrene degradation,Metabolism,2,0.02
map00254,Aflatoxin biosynthesis,Metabolism,2,0.02
map00281,map00281,Other,2,0.02
map00440,Phosphonate and phosphinate metabolism,Metabolism,2,0.02
map00540,Lipopolysaccharide biosynthesis,Metabolism,2,0.02
map01501,beta-Lactam resistance,Human Diseases,2,0.02
map00908,Zeatin biosynthesis,Metabolism,1,0.01
map00533,Glycosaminoglycan biosynthesis - keratan sulfate,Metabolism,1,0.01
map00966,Glucosinolate biosynthesis,Metabolism,1,0.01
map00626,Naphthalene degradation,Metabolism,1,0.01
map00232,Caffeine metabolism,Metabolism,1,0.01
map00311,Penicillin and cephalosporin biosynthesis,Metabolism,1,0.01
